organization_name,name,type,description,amount,level,field_id,location,deadline,success_rate,requirements,benefits,contact_email,contact_phone,website_url,status,created_at,updated_at,study_levels,fields_supported,eligible_programs,application_url,processing_time_weeks,applicant_count,rating,review_count,eligibility_requirements,benefits_json,selection_process,partner_universities
Ministry of Higher Education Malaysia,Future Leaders Scholarship 1,Merit-based,This scholarship supports students pursuing higher education with strong academic performance (1).,47385,foundation,5,Malaysia,2026-06-20,63.83,Minimum CGPA 3.0 and active participation in extracurricular activities.,Tuition fee coverage and monthly allowance.,scholarship1@example.edu.my,+603-72458591,https://www.scholarship1.org,active,2026-01-01T14:57:56.635099,,{foundation},"{8,5}","{22,26,35,74,94}",https://apply.scholarship1.org,10,404,3.38,168,"{""cgpa"": "">=3.5"", ""nationality"": ""Malaysian"", ""age_min"": 17, ""age_max"": 35}","{""tuition_coverage"": false, ""monthly_allowance"": true, ""amount"": null, ""accommodation"": true, ""books_supplies"": true}","{""stages"": [""interview"", ""final_review"", ""written_test"", ""document_screening""], ""duration_weeks"": 2, ""interview_required"": true}","[{""name"": ""Universiti Teknologi Malaysia"", ""country"": ""Malaysia""}, {""name"": ""Universiti Putra Malaysia"", ""country"": ""Malaysia""}]"
Corporate Education Trust,Innovation Talent Award 2,Merit-based,This scholarship supports students pursuing higher education with strong academic performance (2).,99112,diploma,12,Selangor,2026-09-17,64.91,Minimum CGPA 3.0 and active participation in extracurricular activities.,Tuition fee coverage and monthly allowance.,scholarship2@example.edu.my,+603-76708456,https://www.scholarship2.org,active,2026-01-01T14:57:56.635261,,{diploma},"{1,2}","{99,69}",https://apply.scholarship2.org,7,551,4.3,68,"{""cgpa"": "">=3.5"", ""nationality"": ""Malaysian"", ""age_min"": 17, ""age_max"": 35}","{""tuition_coverage"": true, ""monthly_allowance"": true, ""amount"": 1942, ""accommodation"": true, ""books_supplies"": true}","{""stages"": [""interview"", ""final_review"", ""written_test"", ""document_screening""], ""duration_weeks"": 3, ""interview_required"": true}","[{""name"": ""Universiti Teknologi Malaysia"", ""country"": ""Malaysia""}, {""name"": ""Monash University Malaysia"", ""country"": ""Malaysia""}, {""name"": ""Universiti Sains Malaysia"", ""country"": ""Malaysia""}]"
Ministry of Higher Education Malaysia,Youth Development Scholarship 3,Merit-based,This scholarship supports students pursuing higher education with strong academic performance (3).,76192,degree,5,Penang,2026-06-30,39.61,Minimum CGPA 3.0 and active participation in extracurricular activities.,Tuition fee coverage and monthly allowance.,scholarship3@example.edu.my,+603-72166941,https://www.scholarship3.org,active,2026-01-01T14:57:56.635322,,"{diploma,degree}","{6,5}","{47,83}",https://apply.scholarship3.org,11,947,3.2,110,"{""cgpa"": "">=2.5"", ""nationality"": ""Malaysian"", ""age_min"": 18, ""age_max"": 25}","{""tuition_coverage"": false, ""monthly_allowance"": true, ""amount"": null, ""accommodation"": false, ""books_supplies"": false}","{""stages"": [""final_review"", ""interview"", ""document_screening""], ""duration_weeks"": 8, ""interview_required"": true}","[{""name"": ""Universiti Kebangsaan Malaysia"", ""country"": ""Malaysia""}, {""name"": ""University of Malaya"", ""country"": ""Malaysia""}, {""name"": ""Universiti Sains Malaysia"", ""country"": ""Malaysia""}, {""name"": ""Sunway University"", ""country"": ""Malaysia""}]"
Yayasan Pendidikan Nasional,Higher Education Support Scheme 4,Merit-based,This scholarship supports students pursuing higher education with strong academic performance (4).,129213,degree,8,Malaysia,2026-07-31,60.46,Minimum CGPA 3.0 and active participation in extracurricular activities.,Tuition fee coverage and monthly allowance.,scholarship4@example.edu.my,+603-73871230,https://www.scholarship4.org,active,2026-01-01T14:57:56.635388,,"{diploma,degree}","{9,1,5}","{94,67,31,38}",https://apply.scholarship4.org,7,866,4.92,48,"{""cgpa"": "">=3.0"", ""nationality"": ""Malaysian"", ""age_min"": 17, ""age_max"": 30}","{""tuition_coverage"": false, ""monthly_allowance"": true, ""amount"": 841, ""accommodation"": true, ""books_supplies"": true}","{""stages"": [""document_screening"", ""written_test"", ""interview"", ""final_review""], ""duration_weeks"": 6, ""interview_required"": true}","[{""name"": ""Taylor's University"", ""country"": ""Malaysia""}, {""name"": ""University of Malaya"", ""country"": ""Malaysia""}, {""name"": ""Monash University Malaysia"", ""country"": ""Malaysia""}]"
Private Education Foundation,Youth Development Scholarship 5,Merit-based,This scholarship supports students pursuing higher education with strong academic performance (5).,77502,degree,7,Selangor,2026-05-19,62.77,Minimum CGPA 3.0 and active participation in extracurricular activities.,Tuition fee coverage and monthly allowance.,scholarship5@example.edu.my,+603-77637601,https://www.scholarship5.org,active,2026-01-01T14:57:56.635454,,{degree},{5},"{64,92,74,13}",https://apply.scholarship5.org,12,781,4.86,149,"{""cgpa"": "">=3.0"", ""nationality"": ""Malaysian"", ""age_min"": 18, ""age_max"": 30}","{""tuition_coverage"": false, ""monthly_allowance"": false, ""amount"": 770, ""accommodation"": false, ""books_supplies"": false}","{""stages"": [""document_screening"", ""written_test"", ""final_review"", ""interview""], ""duration_weeks"": 8, ""interview_required"": true}","[{""name"": ""University of Malaya"", ""country"": ""Malaysia""}, {""name"": ""Universiti Putra Malaysia"", ""country"": ""Malaysia""}, {""name"": ""Universiti Teknologi Malaysia"", ""country"": ""Malaysia""}, {""name"": ""Universiti Sains Malaysia"", ""country"": ""Malaysia""}, {""name"": ""Monash University Malaysia"", ""country"": ""Malaysia""}]"
Corporate Education Trust,Innovation Talent Award 6,Merit-based,This scholarship supports students pursuing higher education with strong academic performance (6).,78199,foundation,12,Selangor,2026-02-24,69.6,Minimum CGPA 3.0 and active participation in extracurricular activities.,Tuition fee coverage and monthly allowance.,scholarship6@example.edu.my,+603-78082668,https://www.scholarship6.org,active,2026-01-01T14:57:56.635507,,"{foundation,diploma}","{12,5}","{7,10}",https://apply.scholarship6.org,7,52,3.56,143,"{""cgpa"": "">=2.5"", ""nationality"": ""Malaysian"", ""age_min"": 18, ""age_max"": 25}","{""tuition_coverage"": false, ""monthly_allowance"": true, ""amount"": 948, ""accommodation"": false, ""books_supplies"": true}","{""stages"": [""final_review"", ""written_test""], ""duration_weeks"": 8, ""interview_required"": false}","[{""name"": ""Universiti Sains Malaysia"", ""country"": ""Malaysia""}, {""name"": ""Universiti Kebangsaan Malaysia"", ""country"": ""Malaysia""}, {""name"": ""Monash University Malaysia"", ""country"": ""Malaysia""}, {""name"": ""Universiti Putra Malaysia"", ""country"": ""Malaysia""}, {""name"": ""Universiti Teknologi Malaysia"", ""country"": ""Malaysia""}]"
Ministry of Higher Education Malaysia,Higher Education Support Scheme 7,Merit-based,This scholarship supports students pursuing higher education with strong academic performance (7).,148204,diploma,5,Kuala Lumpur,2026-09-10,78.59,Minimum CGPA 3.0 and active participation in extracurricular activities.,Tuition fee coverage and monthly allowance.,scholarship7@example.edu.my,+603-73997281,https://www.scholarship7.org,active,2026-01-01T14:57:56.635555,,{diploma},{9},"{63,50,48,59}",https://apply.scholarship7.org,12,984,4.18,91,"{""cgpa"": "">=2.5"", ""nationality"": ""Malaysian"", ""age_min"": 17, ""age_max"": 30}","{""tuition_coverage"": true, ""monthly_allowance"": false, ""amount"": 861, ""accommodation"": false, ""books_supplies"": false}","{""stages"": [""final_review"", ""interview"", ""document_screening""], ""duration_weeks"": 5, ""interview_required"": true}","[{""name"": ""Universiti Kebangsaan Malaysia"", ""country"": ""Malaysia""}, {""name"": ""University of Malaya"", ""country"": ""Malaysia""}, {""name"": ""Universiti Sains Malaysia"", ""country"": ""Malaysia""}]"
Private Education Foundation,Future Leaders Scholarship 8,Merit-based,This scholarship supports students pursuing higher education with strong academic performance (8).,127919,foundation,8,Malaysia,2026-06-02,34.28,Minimum CGPA 3.0 and active participation in extracurricular activities.,Tuition fee coverage and monthly allowance.,scholarship8@example.edu.my,+603-79153566,https://www.scholarship8.org,active,2026-01-01T14:57:56.635607,,"{foundation,diploma}","{12,4}","{47,37,19,9}",https://apply.scholarship8.org,9,716,4.04,24,"{""cgpa"": "">=2.5"", ""nationality"": ""Malaysian"", ""age_min"": 17, ""age_max"": 25}","{""tuition_coverage"": false, ""monthly_allowance"": true, ""amount"": 1750, ""accommodation"": false, ""books_supplies"": false}","{""stages"": [""document_screening"", ""final_review""], ""duration_weeks"": 8, ""interview_required"": false}","[{""name"": ""Universiti Kebangsaan Malaysia"", ""country"": ""Malaysia""}, {""name"": ""Monash University Malaysia"", ""country"": ""Malaysia""}, {""name"": ""Sunway University"", ""country"": ""Malaysia""}, {""name"": ""Universiti Sains Malaysia"", ""country"": ""Malaysia""}]"
Private Education Foundation,Merit-Based Academic Scholarship 9,Other,This scholarship supports students pursuing higher education with strong academic performance (9).,74113,degree,4,Malaysia,2026-08-10,42.4,Minimum CGPA 3.0 and active participation in extracurricular activities.,Tuition fee coverage and monthly allowance.,scholarship9@example.edu.my,+603-72074176,https://www.scholarship9.org,active,2026-01-01T14:57:56.635659,,{degree},"{6,3,2}","{49,1,22,24,96}",https://apply.scholarship9.org,12,285,4.04,153,"{""cgpa"": "">=3.5"", ""nationality"": ""Malaysian"", ""age_min"": 17, ""age_max"": 35}","{""tuition_coverage"": true, ""monthly_allowance"": false, ""amount"": 1814, ""accommodation"": false, ""books_supplies"": true}","{""stages"": [""document_screening"", ""interview"", ""written_test"", ""final_review""], ""duration_weeks"": 8, ""interview_required"": true}","[{""name"": ""Taylor's University"", ""country"": ""Malaysia""}, {""name"": ""Monash University Malaysia"", ""country"": ""Malaysia""}]"
International Education Council,Future Leaders Scholarship 10,Merit-based,This scholarship supports students pursuing higher education with strong academic performance (10).,44268,diploma,1,Penang,2026-06-22,36.62,Minimum CGPA 3.0 and active participation in extracurricular activities.,Tuition fee coverage and monthly allowance.,scholarship10@example.edu.my,+603-78930103,https://www.scholarship10.org,active,2026-01-01T14:57:56.635706,,"{diploma,degree}","{5,6}",{18},https://apply.scholarship10.org,9,681,3.08,187,"{""cgpa"": "">=3.5"", ""nationality"": ""Malaysian"", ""age_min"": 18, ""age_max"": 30}","{""tuition_coverage"": true, ""monthly_allowance"": false, ""amount"": null, ""accommodation"": true, ""books_supplies"": true}","{""stages"": [""document_screening"", ""interview""], ""duration_weeks"": 8, ""interview_required"": true}","[{""name"": ""Universiti Sains Malaysia"", ""country"": ""Malaysia""}, {""name"": ""Taylor's University"", ""country"": ""Malaysia""}, {""name"": ""University of Malaya"", ""country"": ""Malaysia""}, {""name"": ""Universiti Teknologi Malaysia"", ""country"": ""Malaysia""}, {""name"": ""Monash University Malaysia"", ""country"": ""Malaysia""}]"
Ministry of Higher Education Malaysia,National Education Grant 11,Merit-based,This scholarship supports students pursuing higher education with strong academic performance (11).,84901,diploma,1,Selangor,2026-08-25,39.58,Minimum CGPA 3.0 and active participation in extracurricular activities.,Tuition fee coverage and monthly allowance.,scholarship11@example.edu.my,+603-79997381,https://www.scholarship11.org,active,2026-01-01T14:57:56.635752,,"{diploma,degree}","{4,5,12}","{55,34}",https://apply.scholarship11.org,11,247,4.49,101,"{""cgpa"": "">=3.5"", ""nationality"": ""Malaysian"", ""age_min"": 18, ""age_max"": 35}","{""tuition_coverage"": true, ""monthly_allowance"": true, ""amount"": 867, ""accommodation"": false, ""books_supplies"": false}","{""stages"": [""written_test"", ""final_review""], ""duration_weeks"": 4, ""interview_required"": false}","[{""name"": ""Sunway University"", ""country"": ""Malaysia""}, {""name"": ""Monash University Malaysia"", ""country"": ""Malaysia""}, {""name"": ""Universiti Kebangsaan Malaysia"", ""country"": ""Malaysia""}]"
Yayasan Pendidikan Nasional,Future Leaders Scholarship 12,Other,This scholarship supports students pursuing higher education with strong academic performance (12).,83574,diploma,3,Johor,2026-08-27,75.12,Minimum CGPA 3.0 and active participation in extracurricular activities.,Tuition fee coverage and monthly allowance.,scholarship12@example.edu.my,+603-73762152,https://www.scholarship12.org,active,2026-01-01T14:57:56.635854,,"{foundation,diploma}","{6,2}",{88},https://apply.scholarship12.org,5,894,4.36,165,"{""cgpa"": "">=3.5"", ""nationality"": ""Malaysian"", ""age_min"": 18, ""age_max"": 30}","{""tuition_coverage"": false, ""monthly_allowance"": true, ""amount"": 726, ""accommodation"": false, ""books_supplies"": true}","{""stages"": [""document_screening"", ""written_test"", ""final_review""], ""duration_weeks"": 7, ""interview_required"": false}","[{""name"": ""Sunway University"", ""country"": ""Malaysia""}, {""name"": ""Monash University Malaysia"", ""country"": ""Malaysia""}, {""name"": ""University of Malaya"", ""country"": ""Malaysia""}, {""name"": ""Universiti Sains Malaysia"", ""country"": ""Malaysia""}]"
Ministry of Higher Education Malaysia,Innovation Talent Award 13,Merit-based,This scholarship supports students pursuing higher education with strong academic performance (13).,40138,foundation,2,Johor,2026-07-10,55.14,Minimum CGPA 3.0 and active participation in extracurricular activities.,Tuition fee coverage and monthly allowance.,scholarship13@example.edu.my,+603-79910817,https://www.scholarship13.org,active,2026-01-01T14:57:56.635910,,{foundation},"{7,6}","{34,94,63,90}",https://apply.scholarship13.org,6,735,4.49,180,"{""cgpa"": "">=2.5"", ""nationality"": ""Malaysian"", ""age_min"": 18, ""age_max"": 30}","{""tuition_coverage"": true, ""monthly_allowance"": true, ""amount"": 1339, ""accommodation"": true, ""books_supplies"": true}","{""stages"": [""interview"", ""document_screening"", ""written_test""], ""duration_weeks"": 2, ""interview_required"": true}","[{""name"": ""Universiti Putra Malaysia"", ""country"": ""Malaysia""}, {""name"": ""University of Malaya"", ""country"": ""Malaysia""}, {""name"": ""Universiti Kebangsaan Malaysia"", ""country"": ""Malaysia""}, {""name"": ""Sunway University"", ""country"": ""Malaysia""}]"
International Education Council,Merit-Based Academic Scholarship 14,Merit-based,This scholarship supports students pursuing higher education with strong academic performance (14).,79490,foundation,7,Penang,2026-02-20,58.26,Minimum CGPA 3.0 and active participation in extracurricular activities.,Tuition fee coverage and monthly allowance.,scholarship14@example.edu.my,+603-76307805,https://www.scholarship14.org,active,2026-01-01T14:57:56.635955,,{foundation},"{8,1,6}","{35,66}",https://apply.scholarship14.org,4,707,4.46,197,"{""cgpa"": "">=2.5"", ""nationality"": ""Malaysian"", ""age_min"": 17, ""age_max"": 35}","{""tuition_coverage"": true, ""monthly_allowance"": false, ""amount"": null, ""accommodation"": true, ""books_supplies"": false}","{""stages"": [""document_screening"", ""written_test"", ""interview"", ""final_review""], ""duration_weeks"": 7, ""interview_required"": true}","[{""name"": ""Universiti Kebangsaan Malaysia"", ""country"": ""Malaysia""}, {""name"": ""Universiti Putra Malaysia"", ""country"": ""Malaysia""}, {""name"": ""Universiti Sains Malaysia"", ""country"": ""Malaysia""}, {""name"": ""Monash University Malaysia"", ""country"": ""Malaysia""}]"
Ministry of Higher Education Malaysia,Future Leaders Scholarship 15,Merit-based,This scholarship supports students pursuing higher education with strong academic performance (15).,113826,diploma,2,Kuala Lumpur,2026-05-20,74.04,Minimum CGPA 3.0 and active participation in extracurricular activities.,Tuition fee coverage and monthly allowance.,scholarship15@example.edu.my,+603-75098412,https://www.scholarship15.org,active,2026-01-01T14:57:56.635999,,"{diploma,degree}","{8,1,2}","{84,57,56,92,89}",https://apply.scholarship15.org,12,925,4.17,189,"{""cgpa"": "">=2.5"", ""nationality"": ""Malaysian"", ""age_min"": 17, ""age_max"": 25}","{""tuition_coverage"": true, ""monthly_allowance"": false, ""amount"": 1561, ""accommodation"": true, ""books_supplies"": false}","{""stages"": [""document_screening"", ""written_test"", ""final_review"", ""interview""], ""duration_weeks"": 3, ""interview_required"": true}","[{""name"": ""Universiti Kebangsaan Malaysia"", ""country"": ""Malaysia""}, {""name"": ""University of Malaya"", ""country"": ""Malaysia""}]"
Ministry of Higher Education Malaysia,STEM Advancement Fund 16,Other,This scholarship supports students pursuing higher education with strong academic performance (16).,85937,diploma,10,Selangor,2026-04-20,65.88,Minimum CGPA 3.0 and active participation in extracurricular activities.,Tuition fee coverage and monthly allowance.,scholarship16@example.edu.my,+603-74415796,https://www.scholarship16.org,active,2026-01-01T14:57:56.636043,,{diploma},"{11,1}","{47,9,66,80}",https://apply.scholarship16.org,4,767,4.61,123,"{""cgpa"": "">=3.5"", ""nationality"": ""Malaysian"", ""age_min"": 17, ""age_max"": 25}","{""tuition_coverage"": false, ""monthly_allowance"": false, ""amount"": null, ""accommodation"": false, ""books_supplies"": true}","{""stages"": [""final_review"", ""written_test"", ""interview"", ""document_screening""], ""duration_weeks"": 3, ""interview_required"": true}","[{""name"": ""Universiti Putra Malaysia"", ""country"": ""Malaysia""}, {""name"": ""Monash University Malaysia"", ""country"": ""Malaysia""}, {""name"": ""Universiti Kebangsaan Malaysia"", ""country"": ""Malaysia""}, {""name"": ""Sunway University"", ""country"": ""Malaysia""}]"
International Education Council,Professional Studies Grant 17,Merit-based,This scholarship supports students pursuing higher education with strong academic performance (17).,73844,foundation,7,Malaysia,2026-09-06,77.25,Minimum CGPA 3.0 and active participation in extracurricular activities.,Tuition fee coverage and monthly allowance.,scholarship17@example.edu.my,+603-73500715,https://www.scholarship17.org,active,2026-01-01T14:57:56.636093,,"{foundation,diploma}",{2},"{18,51}",https://apply.scholarship17.org,11,971,4.44,179,"{""cgpa"": "">=3.5"", ""nationality"": ""Malaysian"", ""age_min"": 18, ""age_max"": 30}","{""tuition_coverage"": false, ""monthly_allowance"": true, ""amount"": 1843, ""accommodation"": true, ""books_supplies"": true}","{""stages"": [""final_review"", ""interview""], ""duration_weeks"": 8, ""interview_required"": true}","[{""name"": ""University of Malaya"", ""country"": ""Malaysia""}, {""name"": ""Universiti Putra Malaysia"", ""country"": ""Malaysia""}, {""name"": ""Monash University Malaysia"", ""country"": ""Malaysia""}]"
International Education Council,Higher Education Support Scheme 18,Merit-based,This scholarship supports students pursuing higher education with strong academic performance (18).,32814,foundation,4,Johor,2026-04-20,31.24,Minimum CGPA 3.0 and active participation in extracurricular activities.,Tuition fee coverage and monthly allowance.,scholarship18@example.edu.my,+603-76573147,https://www.scholarship18.org,active,2026-01-01T14:57:56.636140,,"{foundation,diploma}","{2,3,8}","{34,57,63}",https://apply.scholarship18.org,4,135,4.62,70,"{""cgpa"": "">=3.5"", ""nationality"": ""Malaysian"", ""age_min"": 17, ""age_max"": 30}","{""tuition_coverage"": false, ""monthly_allowance"": false, ""amount"": 1951, ""accommodation"": true, ""books_supplies"": false}","{""stages"": [""interview"", ""written_test""], ""duration_weeks"": 2, ""interview_required"": true}","[{""name"": ""Monash University Malaysia"", ""country"": ""Malaysia""}, {""name"": ""Universiti Putra Malaysia"", ""country"": ""Malaysia""}, {""name"": ""Universiti Kebangsaan Malaysia"", ""country"": ""Malaysia""}, {""name"": ""Universiti Teknologi Malaysia"", ""country"": ""Malaysia""}, {""name"": ""Universiti Sains Malaysia"", ""country"": ""Malaysia""}]"
Ministry of Higher Education Malaysia,Merit-Based Academic Scholarship 19,Other,This scholarship supports students pursuing higher education with strong academic performance (19).,40128,diploma,6,Malaysia,2026-05-09,78.34,Minimum CGPA 3.0 and active participation in extracurricular activities.,Tuition fee coverage and monthly allowance.,scholarship19@example.edu.my,+603-75682940,https://www.scholarship19.org,active,2026-01-01T14:57:56.636189,,"{foundation,diploma}","{2,12}","{25,89,21}",https://apply.scholarship19.org,8,494,4.1,106,"{""cgpa"": "">=3.0"", ""nationality"": ""Malaysian"", ""age_min"": 17, ""age_max"": 35}","{""tuition_coverage"": true, ""monthly_allowance"": false, ""amount"": 1576, ""accommodation"": true, ""books_supplies"": true}","{""stages"": [""final_review"", ""written_test"", ""document_screening"", ""interview""], ""duration_weeks"": 5, ""interview_required"": true}","[{""name"": ""Universiti Kebangsaan Malaysia"", ""country"": ""Malaysia""}, {""name"": ""Universiti Putra Malaysia"", ""country"": ""Malaysia""}, {""name"": ""Taylor's University"", ""country"": ""Malaysia""}, {""name"": ""Universiti Sains Malaysia"", ""country"": ""Malaysia""}, {""name"": ""Monash University Malaysia"", ""country"": ""Malaysia""}]"
Ministry of Higher Education Malaysia,National Education Grant 20,Other,This scholarship supports students pursuing higher education with strong academic performance (20).,25747,degree,10,Johor,2026-09-10,60.31,Minimum CGPA 3.0 and active participation in extracurricular activities.,Tuition fee coverage and monthly allowance.,scholarship20@example.edu.my,+603-79580255,https://www.scholarship20.org,active,2026-01-01T14:57:56.636233,,"{diploma,degree}",{8},"{19,94,2,76}",https://apply.scholarship20.org,11,697,3.57,200,"{""cgpa"": "">=2.5"", ""nationality"": ""Malaysian"", ""age_min"": 17, ""age_max"": 25}","{""tuition_coverage"": false, ""monthly_allowance"": true, ""amount"": 1501, ""accommodation"": true, ""books_supplies"": true}","{""stages"": [""final_review"", ""written_test""], ""duration_weeks"": 3, ""interview_required"": false}","[{""name"": ""Monash University Malaysia"", ""country"": ""Malaysia""}, {""name"": ""Universiti Putra Malaysia"", ""country"": ""Malaysia""}, {""name"": ""Universiti Teknologi Malaysia"", ""country"": ""Malaysia""}, {""name"": ""Universiti Sains Malaysia"", ""country"": ""Malaysia""}, {""name"": ""Universiti Kebangsaan Malaysia"", ""country"": ""Malaysia""}]"
International Education Council,Higher Education Support Scheme 21,Merit-based,This scholarship supports students pursuing higher education with strong academic performance (21).,119252,diploma,9,Kuala Lumpur,2026-04-04,63.34,Minimum CGPA 3.0 and active participation in extracurricular activities.,Tuition fee coverage and monthly allowance.,scholarship21@example.edu.my,+603-76472441,https://www.scholarship21.org,active,2026-01-01T14:57:56.636277,,"{diploma,degree}","{11,10}","{72,30}",https://apply.scholarship21.org,4,724,3.46,44,"{""cgpa"": "">=3.0"", ""nationality"": ""Malaysian"", ""age_min"": 17, ""age_max"": 25}","{""tuition_coverage"": false, ""monthly_allowance"": true, ""amount"": null, ""accommodation"": true, ""books_supplies"": false}","{""stages"": [""written_test"", ""interview""], ""duration_weeks"": 2, ""interview_required"": true}","[{""name"": ""University of Malaya"", ""country"": ""Malaysia""}, {""name"": ""Universiti Putra Malaysia"", ""country"": ""Malaysia""}, {""name"": ""Universiti Teknologi Malaysia"", ""country"": ""Malaysia""}, {""name"": ""Universiti Kebangsaan Malaysia"", ""country"": ""Malaysia""}, {""name"": ""Universiti Sains Malaysia"", ""country"": ""Malaysia""}]"
Corporate Education Trust,Merit-Based Academic Scholarship 22,Other,This scholarship supports students pursuing higher education with strong academic performance (22).,55883,diploma,5,Selangor,2026-07-14,55.56,Minimum CGPA 3.0 and active participation in extracurricular activities.,Tuition fee coverage and monthly allowance.,scholarship22@example.edu.my,+603-73846949,https://www.scholarship22.org,active,2026-01-01T14:57:56.636326,,{diploma},"{3,10,12}","{60,75,21}",https://apply.scholarship22.org,4,839,3.76,176,"{""cgpa"": "">=2.5"", ""nationality"": ""Malaysian"", ""age_min"": 18, ""age_max"": 35}","{""tuition_coverage"": false, ""monthly_allowance"": true, ""amount"": 918, ""accommodation"": true, ""books_supplies"": false}","{""stages"": [""document_screening"", ""written_test""], ""duration_weeks"": 6, ""interview_required"": false}","[{""name"": ""Universiti Teknologi Malaysia"", ""country"": ""Malaysia""}, {""name"": ""Sunway University"", ""country"": ""Malaysia""}, {""name"": ""Universiti Sains Malaysia"", ""country"": ""Malaysia""}]"
Ministry of Higher Education Malaysia,Community Impact Scholarship 23,Merit-based,This scholarship supports students pursuing higher education with strong academic performance (23).,87138,degree,11,Johor,2026-08-31,54.72,Minimum CGPA 3.0 and active participation in extracurricular activities.,Tuition fee coverage and monthly allowance.,scholarship23@example.edu.my,+603-75093379,https://www.scholarship23.org,active,2026-01-01T14:57:56.636382,,"{foundation,diploma,degree}","{8,9}","{65,18,57,61}",https://apply.scholarship23.org,8,688,3.8,163,"{""cgpa"": "">=2.5"", ""nationality"": ""Malaysian"", ""age_min"": 17, ""age_max"": 25}","{""tuition_coverage"": false, ""monthly_allowance"": false, ""amount"": null, ""accommodation"": false, ""books_supplies"": false}","{""stages"": [""interview"", ""written_test"", ""final_review"", ""document_screening""], ""duration_weeks"": 3, ""interview_required"": true}","[{""name"": ""Sunway University"", ""country"": ""Malaysia""}, {""name"": ""Taylor's University"", ""country"": ""Malaysia""}, {""name"": ""Monash University Malaysia"", ""country"": ""Malaysia""}]"
Yayasan Pendidikan Nasional,Professional Studies Grant 24,Other,This scholarship supports students pursuing higher education with strong academic performance (24).,66254,degree,8,Penang,2026-07-12,51.34,Minimum CGPA 3.0 and active participation in extracurricular activities.,Tuition fee coverage and monthly allowance.,scholarship24@example.edu.my,+603-78481188,https://www.scholarship24.org,active,2026-01-01T14:57:56.636445,,{degree},{1},"{39,5,36}",https://apply.scholarship24.org,5,158,4.75,99,"{""cgpa"": "">=3.0"", ""nationality"": ""Malaysian"", ""age_min"": 18, ""age_max"": 35}","{""tuition_coverage"": false, ""monthly_allowance"": false, ""amount"": 1052, ""accommodation"": true, ""books_supplies"": false}","{""stages"": [""document_screening"", ""interview"", ""written_test""], ""duration_weeks"": 4, ""interview_required"": true}","[{""name"": ""Universiti Teknologi Malaysia"", ""country"": ""Malaysia""}, {""name"": ""Sunway University"", ""country"": ""Malaysia""}, {""name"": ""University of Malaya"", ""country"": ""Malaysia""}]"
Private Education Foundation,Future Leaders Scholarship 25,Other,This scholarship supports students pursuing higher education with strong academic performance (25).,55316,diploma,6,Malaysia,2026-06-19,36.92,Minimum CGPA 3.0 and active participation in extracurricular activities.,Tuition fee coverage and monthly allowance.,scholarship25@example.edu.my,+603-74879923,https://www.scholarship25.org,active,2026-01-01T14:57:56.636495,,"{foundation,diploma}","{9,4}","{14,83}",https://apply.scholarship25.org,5,767,4.37,154,"{""cgpa"": "">=3.0"", ""nationality"": ""Malaysian"", ""age_min"": 17, ""age_max"": 30}","{""tuition_coverage"": true, ""monthly_allowance"": false, ""amount"": 1109, ""accommodation"": false, ""books_supplies"": false}","{""stages"": [""final_review"", ""written_test"", ""document_screening""], ""duration_weeks"": 2, ""interview_required"": false}","[{""name"": ""Sunway University"", ""country"": ""Malaysia""}, {""name"": ""University of Malaya"", ""country"": ""Malaysia""}, {""name"": ""Universiti Sains Malaysia"", ""country"": ""Malaysia""}, {""name"": ""Taylor's University"", ""country"": ""Malaysia""}, {""name"": ""Universiti Kebangsaan Malaysia"", ""country"": ""Malaysia""}]"
Ministry of Higher Education Malaysia,Community Impact Scholarship 26,Other,This scholarship supports students pursuing higher education with strong academic performance (26).,37324,foundation,12,Kuala Lumpur,2026-08-13,67.67,Minimum CGPA 3.0 and active participation in extracurricular activities.,Tuition fee coverage and monthly allowance.,scholarship26@example.edu.my,+603-78030010,https://www.scholarship26.org,active,2026-01-01T14:57:56.636542,,{foundation},{10},{59},https://apply.scholarship26.org,7,832,4.87,169,"{""cgpa"": "">=3.0"", ""nationality"": ""Malaysian"", ""age_min"": 17, ""age_max"": 35}","{""tuition_coverage"": false, ""monthly_allowance"": false, ""amount"": 1422, ""accommodation"": false, ""books_supplies"": true}","{""stages"": [""interview"", ""written_test""], ""duration_weeks"": 3, ""interview_required"": true}","[{""name"": ""Taylor's University"", ""country"": ""Malaysia""}, {""name"": ""Universiti Teknologi Malaysia"", ""country"": ""Malaysia""}]"
International Education Council,Global Excellence Award 27,Other,This scholarship supports students pursuing higher education with strong academic performance (27).,80326,degree,10,Malaysia,2026-02-13,34.2,Minimum CGPA 3.0 and active participation in extracurricular activities.,Tuition fee coverage and monthly allowance.,scholarship27@example.edu.my,+603-78190929,https://www.scholarship27.org,active,2026-01-01T14:57:56.636586,,{degree},{4},"{59,24,99}",https://apply.scholarship27.org,8,800,3.76,67,"{""cgpa"": "">=2.5"", ""nationality"": ""Malaysian"", ""age_min"": 17, ""age_max"": 30}","{""tuition_coverage"": false, ""monthly_allowance"": true, ""amount"": null, ""accommodation"": true, ""books_supplies"": false}","{""stages"": [""final_review"", ""document_screening""], ""duration_weeks"": 3, ""interview_required"": false}","[{""name"": ""Universiti Kebangsaan Malaysia"", ""country"": ""Malaysia""}, {""name"": ""Sunway University"", ""country"": ""Malaysia""}, {""name"": ""Universiti Sains Malaysia"", ""country"": ""Malaysia""}, {""name"": ""University of Malaya"", ""country"": ""Malaysia""}]"
Corporate Education Trust,STEM Advancement Fund 28,Other,This scholarship supports students pursuing higher education with strong academic performance (28).,79867,foundation,8,Penang,2026-03-13,32.6,Minimum CGPA 3.0 and active participation in extracurricular activities.,Tuition fee coverage and monthly allowance.,scholarship28@example.edu.my,+603-76871360,https://www.scholarship28.org,active,2026-01-01T14:57:56.636628,,"{foundation,diploma}",{10},"{17,1,45,70}",https://apply.scholarship28.org,9,562,3.61,103,"{""cgpa"": "">=3.5"", ""nationality"": ""Malaysian"", ""age_min"": 17, ""age_max"": 25}","{""tuition_coverage"": true, ""monthly_allowance"": false, ""amount"": 598, ""accommodation"": false, ""books_supplies"": false}","{""stages"": [""interview"", ""written_test"", ""final_review"", ""document_screening""], ""duration_weeks"": 8, ""interview_required"": true}","[{""name"": ""Taylor's University"", ""country"": ""Malaysia""}, {""name"": ""University of Malaya"", ""country"": ""Malaysia""}, {""name"": ""Monash University Malaysia"", ""country"": ""Malaysia""}]"
Yayasan Pendidikan Nasional,Global Excellence Award 29,Merit-based,This scholarship supports students pursuing higher education with strong academic performance (29).,131442,foundation,4,Selangor,2026-09-30,53.25,Minimum CGPA 3.0 and active participation in extracurricular activities.,Tuition fee coverage and monthly allowance.,scholarship29@example.edu.my,+603-75299055,https://www.scholarship29.org,active,2026-01-01T14:57:56.636681,,{foundation},{2},"{16,3,17}",https://apply.scholarship29.org,6,355,4.61,44,"{""cgpa"": "">=3.0"", ""nationality"": ""Malaysian"", ""age_min"": 17, ""age_max"": 30}","{""tuition_coverage"": true, ""monthly_allowance"": true, ""amount"": null, ""accommodation"": true, ""books_supplies"": true}","{""stages"": [""written_test"", ""interview""], ""duration_weeks"": 6, ""interview_required"": true}","[{""name"": ""Universiti Sains Malaysia"", ""country"": ""Malaysia""}, {""name"": ""Universiti Putra Malaysia"", ""country"": ""Malaysia""}, {""name"": ""Sunway University"", ""country"": ""Malaysia""}, {""name"": ""Universiti Kebangsaan Malaysia"", ""country"": ""Malaysia""}]"
Yayasan Pendidikan Nasional,Youth Development Scholarship 30,Merit-based,This scholarship supports students pursuing higher education with strong academic performance (30).,146087,degree,9,Penang,2026-06-04,70.28,Minimum CGPA 3.0 and active participation in extracurricular activities.,Tuition fee coverage and monthly allowance.,scholarship30@example.edu.my,+603-71689025,https://www.scholarship30.org,active,2026-01-01T14:57:56.636725,,"{diploma,degree}","{7,4}","{91,78,65,47}",https://apply.scholarship30.org,5,694,3.48,128,"{""cgpa"": "">=2.5"", ""nationality"": ""Malaysian"", ""age_min"": 18, ""age_max"": 35}","{""tuition_coverage"": true, ""monthly_allowance"": false, ""amount"": null, ""accommodation"": true, ""books_supplies"": true}","{""stages"": [""written_test"", ""final_review"", ""document_screening"", ""interview""], ""duration_weeks"": 8, ""interview_required"": true}","[{""name"": ""Monash University Malaysia"", ""country"": ""Malaysia""}, {""name"": ""Taylor's University"", ""country"": ""Malaysia""}, {""name"": ""Universiti Kebangsaan Malaysia"", ""country"": ""Malaysia""}, {""name"": ""Universiti Teknologi Malaysia"", ""country"": ""Malaysia""}]"
Yayasan Pendidikan Nasional,Professional Studies Grant 31,Merit-based,This scholarship supports students pursuing higher education with strong academic performance (31).,78345,degree,6,Kuala Lumpur,2026-05-01,60.8,Minimum CGPA 3.0 and active participation in extracurricular activities.,Tuition fee coverage and monthly allowance.,scholarship31@example.edu.my,+603-79111742,https://www.scholarship31.org,active,2026-01-01T14:57:56.636774,,{degree},"{3,7}","{35,45}",https://apply.scholarship31.org,11,219,4.15,17,"{""cgpa"": "">=2.5"", ""nationality"": ""Malaysian"", ""age_min"": 18, ""age_max"": 35}","{""tuition_coverage"": false, ""monthly_allowance"": true, ""amount"": null, ""accommodation"": true, ""books_supplies"": false}","{""stages"": [""interview"", ""document_screening""], ""duration_weeks"": 7, ""interview_required"": true}","[{""name"": ""Sunway University"", ""country"": ""Malaysia""}, {""name"": ""Universiti Teknologi Malaysia"", ""country"": ""Malaysia""}, {""name"": ""University of Malaya"", ""country"": ""Malaysia""}]"
Corporate Education Trust,Global Excellence Award 32,Other,This scholarship supports students pursuing higher education with strong academic performance (32).,82543,diploma,7,Penang,2026-07-31,65.06,Minimum CGPA 3.0 and active participation in extracurricular activities.,Tuition fee coverage and monthly allowance.,scholarship32@example.edu.my,+603-75635017,https://www.scholarship32.org,active,2026-01-01T14:57:56.636818,,"{diploma,degree}",{8},"{50,23,54,78,37}",https://apply.scholarship32.org,5,455,4.71,89,"{""cgpa"": "">=2.5"", ""nationality"": ""Malaysian"", ""age_min"": 18, ""age_max"": 30}","{""tuition_coverage"": false, ""monthly_allowance"": true, ""amount"": null, ""accommodation"": true, ""books_supplies"": true}","{""stages"": [""interview"", ""written_test"", ""document_screening""], ""duration_weeks"": 8, ""interview_required"": true}","[{""name"": ""Taylor's University"", ""country"": ""Malaysia""}, {""name"": ""Monash University Malaysia"", ""country"": ""Malaysia""}]"
Yayasan Pendidikan Nasional,STEM Advancement Fund 33,Other,This scholarship supports students pursuing higher education with strong academic performance (33).,78880,degree,8,Kuala Lumpur,2026-06-04,53.66,Minimum CGPA 3.0 and active participation in extracurricular activities.,Tuition fee coverage and monthly allowance.,scholarship33@example.edu.my,+603-79907391,https://www.scholarship33.org,active,2026-01-01T14:57:56.636861,,{degree},"{2,11}","{98,71}",https://apply.scholarship33.org,9,326,3.38,168,"{""cgpa"": "">=2.5"", ""nationality"": ""Malaysian"", ""age_min"": 17, ""age_max"": 35}","{""tuition_coverage"": false, ""monthly_allowance"": false, ""amount"": null, ""accommodation"": true, ""books_supplies"": false}","{""stages"": [""document_screening"", ""written_test"", ""interview"", ""final_review""], ""duration_weeks"": 8, ""interview_required"": true}","[{""name"": ""Sunway University"", ""country"": ""Malaysia""}, {""name"": ""Monash University Malaysia"", ""country"": ""Malaysia""}]"
Yayasan Pendidikan Nasional,Innovation Talent Award 34,Merit-based,This scholarship supports students pursuing higher education with strong academic performance (34).,125540,diploma,11,Penang,2026-05-21,78.83,Minimum CGPA 3.0 and active participation in extracurricular activities.,Tuition fee coverage and monthly allowance.,scholarship34@example.edu.my,+603-79801946,https://www.scholarship34.org,active,2026-01-01T14:57:56.636905,,"{diploma,degree}",{3},"{49,50,58,59}",https://apply.scholarship34.org,5,595,3.78,99,"{""cgpa"": "">=3.5"", ""nationality"": ""Malaysian"", ""age_min"": 17, ""age_max"": 25}","{""tuition_coverage"": false, ""monthly_allowance"": false, ""amount"": null, ""accommodation"": true, ""books_supplies"": true}","{""stages"": [""interview"", ""document_screening"", ""written_test""], ""duration_weeks"": 4, ""interview_required"": true}","[{""name"": ""Sunway University"", ""country"": ""Malaysia""}, {""name"": ""University of Malaya"", ""country"": ""Malaysia""}]"
Private Education Foundation,Innovation Talent Award 35,Merit-based,This scholarship supports students pursuing higher education with strong academic performance (35).,93463,diploma,11,Malaysia,2026-04-05,58.7,Minimum CGPA 3.0 and active participation in extracurricular activities.,Tuition fee coverage and monthly allowance.,scholarship35@example.edu.my,+603-78875173,https://www.scholarship35.org,active,2026-01-01T14:57:56.636949,,"{foundation,diploma}",{1},"{3,74,5}",https://apply.scholarship35.org,12,836,4.5,88,"{""cgpa"": "">=2.5"", ""nationality"": ""Malaysian"", ""age_min"": 18, ""age_max"": 30}","{""tuition_coverage"": true, ""monthly_allowance"": true, ""amount"": 1952, ""accommodation"": false, ""books_supplies"": false}","{""stages"": [""document_screening"", ""interview""], ""duration_weeks"": 6, ""interview_required"": true}","[{""name"": ""Universiti Sains Malaysia"", ""country"": ""Malaysia""}, {""name"": ""University of Malaya"", ""country"": ""Malaysia""}, {""name"": ""Universiti Putra Malaysia"", ""country"": ""Malaysia""}]"
Yayasan Pendidikan Nasional,National Education Grant 36,Merit-based,This scholarship supports students pursuing higher education with strong academic performance (36).,120598,foundation,9,Penang,2026-07-05,68.22,Minimum CGPA 3.0 and active participation in extracurricular activities.,Tuition fee coverage and monthly allowance.,scholarship36@example.edu.my,+603-74786401,https://www.scholarship36.org,active,2026-01-01T14:57:56.636991,,{foundation},{5},{90},https://apply.scholarship36.org,4,926,3.51,97,"{""cgpa"": "">=3.5"", ""nationality"": ""Malaysian"", ""age_min"": 17, ""age_max"": 35}","{""tuition_coverage"": true, ""monthly_allowance"": false, ""amount"": 1446, ""accommodation"": false, ""books_supplies"": false}","{""stages"": [""final_review"", ""document_screening"", ""written_test"", ""interview""], ""duration_weeks"": 3, ""interview_required"": true}","[{""name"": ""Universiti Putra Malaysia"", ""country"": ""Malaysia""}, {""name"": ""University of Malaya"", ""country"": ""Malaysia""}, {""name"": ""Universiti Teknologi Malaysia"", ""country"": ""Malaysia""}, {""name"": ""Taylor's University"", ""country"": ""Malaysia""}]"
Yayasan Pendidikan Nasional,Future Leaders Scholarship 37,Merit-based,This scholarship supports students pursuing higher education with strong academic performance (37).,46402,foundation,10,Malaysia,2026-04-29,50.43,Minimum CGPA 3.0 and active participation in extracurricular activities.,Tuition fee coverage and monthly allowance.,scholarship37@example.edu.my,+603-78883823,https://www.scholarship37.org,active,2026-01-01T14:57:56.637033,,"{foundation,diploma}","{4,1,6}","{64,35}",https://apply.scholarship37.org,7,687,4.7,54,"{""cgpa"": "">=3.0"", ""nationality"": ""Malaysian"", ""age_min"": 17, ""age_max"": 25}","{""tuition_coverage"": true, ""monthly_allowance"": true, ""amount"": 1330, ""accommodation"": true, ""books_supplies"": true}","{""stages"": [""written_test"", ""final_review"", ""document_screening""], ""duration_weeks"": 6, ""interview_required"": false}","[{""name"": ""Universiti Kebangsaan Malaysia"", ""country"": ""Malaysia""}, {""name"": ""Universiti Sains Malaysia"", ""country"": ""Malaysia""}, {""name"": ""Taylor's University"", ""country"": ""Malaysia""}, {""name"": ""University of Malaya"", ""country"": ""Malaysia""}, {""name"": ""Universiti Teknologi Malaysia"", ""country"": ""Malaysia""}]"
Private Education Foundation,Global Excellence Award 38,Merit-based,This scholarship supports students pursuing higher education with strong academic performance (38).,149889,foundation,5,Penang,2026-03-08,67.45,Minimum CGPA 3.0 and active participation in extracurricular activities.,Tuition fee coverage and monthly allowance.,scholarship38@example.edu.my,+603-75842082,https://www.scholarship38.org,active,2026-01-01T14:57:56.637086,,{foundation},"{9,7,8}",{49},https://apply.scholarship38.org,11,771,3.31,48,"{""cgpa"": "">=2.5"", ""nationality"": ""Malaysian"", ""age_min"": 18, ""age_max"": 35}","{""tuition_coverage"": true, ""monthly_allowance"": true, ""amount"": null, ""accommodation"": false, ""books_supplies"": false}","{""stages"": [""interview"", ""written_test""], ""duration_weeks"": 3, ""interview_required"": true}","[{""name"": ""Universiti Teknologi Malaysia"", ""country"": ""Malaysia""}, {""name"": ""Monash University Malaysia"", ""country"": ""Malaysia""}]"
International Education Council,Merit-Based Academic Scholarship 39,Merit-based,This scholarship supports students pursuing higher education with strong academic performance (39).,44197,diploma,2,Malaysia,2026-02-10,68.16,Minimum CGPA 3.0 and active participation in extracurricular activities.,Tuition fee coverage and monthly allowance.,scholarship39@example.edu.my,+603-73939212,https://www.scholarship39.org,active,2026-01-01T14:57:56.637133,,"{foundation,diploma}",{11},"{76,23,52,31,3}",https://apply.scholarship39.org,5,73,3.69,21,"{""cgpa"": "">=3.0"", ""nationality"": ""Malaysian"", ""age_min"": 17, ""age_max"": 35}","{""tuition_coverage"": false, ""monthly_allowance"": false, ""amount"": 692, ""accommodation"": false, ""books_supplies"": false}","{""stages"": [""interview"", ""final_review"", ""document_screening"", ""written_test""], ""duration_weeks"": 4, ""interview_required"": true}","[{""name"": ""Universiti Putra Malaysia"", ""country"": ""Malaysia""}, {""name"": ""Taylor's University"", ""country"": ""Malaysia""}]"
Private Education Foundation,Global Excellence Award 40,Other,This scholarship supports students pursuing higher education with strong academic performance (40).,22210,degree,2,Penang,2026-10-11,31.83,Minimum CGPA 3.0 and active participation in extracurricular activities.,Tuition fee coverage and monthly allowance.,scholarship40@example.edu.my,+603-72477398,https://www.scholarship40.org,active,2026-01-01T14:57:56.637176,,"{diploma,degree}",{5},{9},https://apply.scholarship40.org,11,755,3.83,88,"{""cgpa"": "">=2.5"", ""nationality"": ""Malaysian"", ""age_min"": 18, ""age_max"": 30}","{""tuition_coverage"": true, ""monthly_allowance"": true, ""amount"": null, ""accommodation"": true, ""books_supplies"": false}","{""stages"": [""written_test"", ""interview"", ""document_screening"", ""final_review""], ""duration_weeks"": 6, ""interview_required"": true}","[{""name"": ""Monash University Malaysia"", ""country"": ""Malaysia""}, {""name"": ""University of Malaya"", ""country"": ""Malaysia""}, {""name"": ""Taylor's University"", ""country"": ""Malaysia""}, {""name"": ""Sunway University"", ""country"": ""Malaysia""}, {""name"": ""Universiti Teknologi Malaysia"", ""country"": ""Malaysia""}]"
International Education Council,Higher Education Support Scheme 41,Merit-based,This scholarship supports students pursuing higher education with strong academic performance (41).,74250,diploma,7,Selangor,2026-10-13,43.35,Minimum CGPA 3.0 and active participation in extracurricular activities.,Tuition fee coverage and monthly allowance.,scholarship41@example.edu.my,+603-73198037,https://www.scholarship41.org,active,2026-01-01T14:57:56.637217,,"{diploma,degree}","{6,1}",{80},https://apply.scholarship41.org,8,295,4.74,125,"{""cgpa"": "">=3.5"", ""nationality"": ""Malaysian"", ""age_min"": 17, ""age_max"": 30}","{""tuition_coverage"": false, ""monthly_allowance"": true, ""amount"": null, ""accommodation"": false, ""books_supplies"": true}","{""stages"": [""final_review"", ""written_test""], ""duration_weeks"": 5, ""interview_required"": false}","[{""name"": ""Universiti Teknologi Malaysia"", ""country"": ""Malaysia""}, {""name"": ""Universiti Sains Malaysia"", ""country"": ""Malaysia""}, {""name"": ""Universiti Putra Malaysia"", ""country"": ""Malaysia""}, {""name"": ""Monash University Malaysia"", ""country"": ""Malaysia""}, {""name"": ""Taylor's University"", ""country"": ""Malaysia""}]"
Ministry of Higher Education Malaysia,Merit-Based Academic Scholarship 42,Merit-based,This scholarship supports students pursuing higher education with strong academic performance (42).,120532,foundation,1,Kuala Lumpur,2026-04-01,55.44,Minimum CGPA 3.0 and active participation in extracurricular activities.,Tuition fee coverage and monthly allowance.,scholarship42@example.edu.my,+603-75587308,https://www.scholarship42.org,active,2026-01-01T14:57:56.637259,,{foundation},{12},"{97,42,16,18}",https://apply.scholarship42.org,7,659,3.28,80,"{""cgpa"": "">=3.5"", ""nationality"": ""Malaysian"", ""age_min"": 18, ""age_max"": 25}","{""tuition_coverage"": true, ""monthly_allowance"": true, ""amount"": 806, ""accommodation"": false, ""books_supplies"": false}","{""stages"": [""written_test"", ""interview"", ""final_review""], ""duration_weeks"": 2, ""interview_required"": true}","[{""name"": ""Universiti Kebangsaan Malaysia"", ""country"": ""Malaysia""}, {""name"": ""Taylor's University"", ""country"": ""Malaysia""}, {""name"": ""Sunway University"", ""country"": ""Malaysia""}]"
Corporate Education Trust,STEM Advancement Fund 43,Other,This scholarship supports students pursuing higher education with strong academic performance (43).,80639,foundation,9,Kuala Lumpur,2026-10-17,71.87,Minimum CGPA 3.0 and active participation in extracurricular activities.,Tuition fee coverage and monthly allowance.,scholarship43@example.edu.my,+603-79214801,https://www.scholarship43.org,active,2026-01-01T14:57:56.637303,,{foundation},"{3,2}",{14},https://apply.scholarship43.org,5,668,3.02,72,"{""cgpa"": "">=3.0"", ""nationality"": ""Malaysian"", ""age_min"": 17, ""age_max"": 25}","{""tuition_coverage"": false, ""monthly_allowance"": true, ""amount"": null, ""accommodation"": true, ""books_supplies"": false}","{""stages"": [""interview"", ""written_test"", ""document_screening""], ""duration_weeks"": 8, ""interview_required"": true}","[{""name"": ""University of Malaya"", ""country"": ""Malaysia""}, {""name"": ""Universiti Kebangsaan Malaysia"", ""country"": ""Malaysia""}, {""name"": ""Universiti Putra Malaysia"", ""country"": ""Malaysia""}, {""name"": ""Universiti Teknologi Malaysia"", ""country"": ""Malaysia""}, {""name"": ""Sunway University"", ""country"": ""Malaysia""}]"
Private Education Foundation,National Education Grant 44,Merit-based,This scholarship supports students pursuing higher education with strong academic performance (44).,124968,diploma,9,Selangor,2026-09-30,54.77,Minimum CGPA 3.0 and active participation in extracurricular activities.,Tuition fee coverage and monthly allowance.,scholarship44@example.edu.my,+603-71621086,https://www.scholarship44.org,active,2026-01-01T14:57:56.637348,,"{foundation,diploma}","{2,10,12}",{71},https://apply.scholarship44.org,6,925,4.78,165,"{""cgpa"": "">=2.5"", ""nationality"": ""Malaysian"", ""age_min"": 17, ""age_max"": 35}","{""tuition_coverage"": false, ""monthly_allowance"": false, ""amount"": 1201, ""accommodation"": false, ""books_supplies"": false}","{""stages"": [""final_review"", ""document_screening"", ""written_test""], ""duration_weeks"": 7, ""interview_required"": false}","[{""name"": ""Universiti Putra Malaysia"", ""country"": ""Malaysia""}, {""name"": ""Universiti Kebangsaan Malaysia"", ""country"": ""Malaysia""}]"
Ministry of Higher Education Malaysia,Global Excellence Award 45,Other,This scholarship supports students pursuing higher education with strong academic performance (45).,54466,degree,12,Johor,2026-06-15,62.49,Minimum CGPA 3.0 and active participation in extracurricular activities.,Tuition fee coverage and monthly allowance.,scholarship45@example.edu.my,+603-76512415,https://www.scholarship45.org,active,2026-01-01T14:57:56.637391,,"{foundation,diploma,degree}",{3},"{27,2,52,77,78}",https://apply.scholarship45.org,12,408,4.41,192,"{""cgpa"": "">=2.5"", ""nationality"": ""Malaysian"", ""age_min"": 17, ""age_max"": 25}","{""tuition_coverage"": false, ""monthly_allowance"": false, ""amount"": 1248, ""accommodation"": false, ""books_supplies"": true}","{""stages"": [""written_test"", ""final_review"", ""interview""], ""duration_weeks"": 8, ""interview_required"": true}","[{""name"": ""Universiti Putra Malaysia"", ""country"": ""Malaysia""}, {""name"": ""Universiti Sains Malaysia"", ""country"": ""Malaysia""}]"
Ministry of Higher Education Malaysia,Future Leaders Scholarship 46,Merit-based,This scholarship supports students pursuing higher education with strong academic performance (46).,56200,diploma,12,Malaysia,2026-04-26,46.22,Minimum CGPA 3.0 and active participation in extracurricular activities.,Tuition fee coverage and monthly allowance.,scholarship46@example.edu.my,+603-71941524,https://www.scholarship46.org,active,2026-01-01T14:57:56.637434,,"{diploma,degree}","{3,9}",{18},https://apply.scholarship46.org,4,541,4.42,155,"{""cgpa"": "">=2.5"", ""nationality"": ""Malaysian"", ""age_min"": 18, ""age_max"": 30}","{""tuition_coverage"": false, ""monthly_allowance"": false, ""amount"": null, ""accommodation"": true, ""books_supplies"": false}","{""stages"": [""written_test"", ""final_review"", ""document_screening"", ""interview""], ""duration_weeks"": 8, ""interview_required"": true}","[{""name"": ""Universiti Putra Malaysia"", ""country"": ""Malaysia""}, {""name"": ""Universiti Teknologi Malaysia"", ""country"": ""Malaysia""}, {""name"": ""Sunway University"", ""country"": ""Malaysia""}, {""name"": ""Universiti Sains Malaysia"", ""country"": ""Malaysia""}]"
Corporate Education Trust,Merit-Based Academic Scholarship 47,Merit-based,This scholarship supports students pursuing higher education with strong academic performance (47).,148602,diploma,6,Kuala Lumpur,2026-04-14,52.98,Minimum CGPA 3.0 and active participation in extracurricular activities.,Tuition fee coverage and monthly allowance.,scholarship47@example.edu.my,+603-71157662,https://www.scholarship47.org,active,2026-01-01T14:57:56.637482,,{diploma},"{5,1}","{81,77,52,95}",https://apply.scholarship47.org,6,872,4.75,120,"{""cgpa"": "">=2.5"", ""nationality"": ""Malaysian"", ""age_min"": 17, ""age_max"": 35}","{""tuition_coverage"": false, ""monthly_allowance"": false, ""amount"": null, ""accommodation"": false, ""books_supplies"": true}","{""stages"": [""written_test"", ""final_review""], ""duration_weeks"": 5, ""interview_required"": false}","[{""name"": ""Universiti Putra Malaysia"", ""country"": ""Malaysia""}, {""name"": ""Universiti Teknologi Malaysia"", ""country"": ""Malaysia""}]"
Corporate Education Trust,Youth Development Scholarship 48,Other,This scholarship supports students pursuing higher education with strong academic performance (48).,58331,degree,4,Penang,2026-06-01,44.79,Minimum CGPA 3.0 and active participation in extracurricular activities.,Tuition fee coverage and monthly allowance.,scholarship48@example.edu.my,+603-75953150,https://www.scholarship48.org,active,2026-01-01T14:57:56.637557,,{degree},{12},{44},https://apply.scholarship48.org,12,474,4.43,14,"{""cgpa"": "">=3.5"", ""nationality"": ""Malaysian"", ""age_min"": 17, ""age_max"": 35}","{""tuition_coverage"": true, ""monthly_allowance"": true, ""amount"": null, ""accommodation"": false, ""books_supplies"": false}","{""stages"": [""interview"", ""document_screening"", ""final_review"", ""written_test""], ""duration_weeks"": 2, ""interview_required"": true}","[{""name"": ""Universiti Teknologi Malaysia"", ""country"": ""Malaysia""}, {""name"": ""Taylor's University"", ""country"": ""Malaysia""}, {""name"": ""Universiti Kebangsaan Malaysia"", ""country"": ""Malaysia""}, {""name"": ""Monash University Malaysia"", ""country"": ""Malaysia""}, {""name"": ""University of Malaya"", ""country"": ""Malaysia""}]"
International Education Council,Merit-Based Academic Scholarship 49,Merit-based,This scholarship supports students pursuing higher education with strong academic performance (49).,30397,foundation,1,Kuala Lumpur,2026-05-23,63.89,Minimum CGPA 3.0 and active participation in extracurricular activities.,Tuition fee coverage and monthly allowance.,scholarship49@example.edu.my,+603-73294774,https://www.scholarship49.org,active,2026-01-01T14:57:56.637601,,{foundation},"{11,12}","{85,5,45}",https://apply.scholarship49.org,6,324,3.62,156,"{""cgpa"": "">=3.5"", ""nationality"": ""Malaysian"", ""age_min"": 18, ""age_max"": 25}","{""tuition_coverage"": true, ""monthly_allowance"": false, ""amount"": null, ""accommodation"": false, ""books_supplies"": false}","{""stages"": [""document_screening"", ""interview"", ""written_test""], ""duration_weeks"": 5, ""interview_required"": true}","[{""name"": ""Taylor's University"", ""country"": ""Malaysia""}, {""name"": ""Monash University Malaysia"", ""country"": ""Malaysia""}, {""name"": ""University of Malaya"", ""country"": ""Malaysia""}, {""name"": ""Sunway University"", ""country"": ""Malaysia""}, {""name"": ""Universiti Sains Malaysia"", ""country"": ""Malaysia""}]"
International Education Council,Global Excellence Award 50,Other,This scholarship supports students pursuing higher education with strong academic performance (50).,67675,foundation,11,Johor,2026-10-14,78.37,Minimum CGPA 3.0 and active participation in extracurricular activities.,Tuition fee coverage and monthly allowance.,scholarship50@example.edu.my,+603-75951651,https://www.scholarship50.org,active,2026-01-01T14:57:56.637645,,"{foundation,diploma}","{3,10}",{68},https://apply.scholarship50.org,5,694,3.99,104,"{""cgpa"": "">=3.0"", ""nationality"": ""Malaysian"", ""age_min"": 18, ""age_max"": 30}","{""tuition_coverage"": false, ""monthly_allowance"": true, ""amount"": null, ""accommodation"": true, ""books_supplies"": false}","{""stages"": [""document_screening"", ""final_review"", ""written_test""], ""duration_weeks"": 6, ""interview_required"": false}","[{""name"": ""Monash University Malaysia"", ""country"": ""Malaysia""}, {""name"": ""Universiti Putra Malaysia"", ""country"": ""Malaysia""}, {""name"": ""Universiti Kebangsaan Malaysia"", ""country"": ""Malaysia""}]"
